小区编号,道路编号,虚拟距离
1,13150,0.000623966633255302
2,3451,0.008154027076017563
3,7804,0.0053999758015941006
4,10821,0.0008710777841697588
5,3819,0.0065130591519208395
6,4729,0.0012333135374567382
7,13736,0.00017500000017468508
8,15022,0.000761805238799097
9,1492,0.007576171875370458
10,7843,0.0007268745322157965
11,12394,0.0058227333021611495
12,7643,0.0010747052000303196
13,16,0.004787207619437612
14,4424,0.0005000000117176609
15,7223,0.0022388271275572023
16,3457,0.010240168991958471
17,3208,0.002946261045298326
18,11624,0.000685416228497572
19,10112,0.0030286732163070803
20,13148,0.0017082045029596928
21,7936,0.00718515762823494
22,746,0.0040703813122735695
23,6406,0.0014021627757125961
24,12882,0.000567493085180623
25,1657,0.003641603389532565
26,4538,0.0005188507417283201
27,7744,0.004098916423004423
28,12012,0.0050412350056435575
29,2888,0.00032459545729856594
30,11769,0.004662246563103184
31,8419,0.0023043387986813237
32,10031,0.0030993720306534134
33,8085,0.0007755859097499753
34,133,4.5344694426906066e-05
35,11627,0.0006832374353744388
36,4223,0.004802861221609162
37,14923,0.0001464871094199735
38,15302,0.004365101107707752
39,10039,0.0018336907259073735
40,8884,0.0006520621904331598
41,5738,0.004706254491222932
42,2612,9.007277555981896e-05
43,254,0.000325762766185684
44,7747,0.0019381187493033986
45,11713,3.0385179861410166e-06
46,3360,0.0003055179375090196
47,473,0.003712164260318498
48,5036,0.0011870570399068684
49,3245,0.0013130006070124643
50,13814,0.004462688025247747
51,3241,0.009214542557240265
52,11828,0.0008326403703415693
53,3846,0.000817996328032848
54,1577,0.0018408236325297153
55,9735,0.0033253008617625803
56,4733,0.0038944930652747727
57,3701,0.016179773733856977
58,6406,0.002250669122554011
59,350,7.160120169269062e-05
60,8040,0.0012219250708053711
61,11031,0.0060175703200957605
62,9147,0.003097978284209205
63,4659,0.01388737585333929
64,8220,0.0028725222259600373
65,2888,0.00032459545729856594
66,809,0.0032155481700432706
67,12542,0.0003782555662632052
68,3538,0.002131201893090138
69,14457,0.0007340021787887274
70,3872,0.0045532686598457476
71,12535,0.003133601137309382
72,909,0.0004493361521397928
73,1277,1.2625423817357925e-05
74,4726,0.003635685748238694
75,2062,0.0009982921589873255
76,761,0.0002545025409608502
77,11738,0.0010099332457019783
78,14018,0.00038104698902294493
79,12167,0.0017654969917105855
80,12222,0.0006198575910319537
81,10911,0.0037055004198793483
82,7194,0.00016690552884148662
83,4424,0.0005000000117176609
84,4635,0.002861548977563143
85,744,0.0015807078173166616
86,7830,0.0018757293214187393
87,14707,0.00025879817909130046
88,12983,0.0013721329795206147
89,5617,0.0015442739585721783
90,4017,0.0001171376146281021
91,985,0.0017794920764383525
92,12930,0.009914144110108545
93,13044,0.0013348584862618346
94,7328,0.0020527273729346175
95,8110,0.001079283634467237
96,6484,0.0006122036878720373
97,2023,0.002265735050467466
98,4282,0.0010010375863541631
99,9072,0.004711448073657773
100,9235,8.252985443399018e-05
101,4002,0.004794799807075217
102,9028,0.0005038911424438015
103,4723,0.0016258219959751935
104,15304,0.0033313237260014523
105,7880,9.05586012925978e-05
106,12164,0.003869139915064697
107,6378,0.0039043263843829916
108,11783,0.005434303053208672
109,3948,0.005810075050636925
110,8,0.002171609221078043
111,463,0.003475000000280614
112,12566,0.006020647375000516
113,14605,0.0001061201613627121
114,656,0.0012978745809648358
115,10030,0.0008565458582752968
116,14914,0.0014615896604288363
117,8455,0.008520746738342404
118,3497,0.002562924998745515
119,5785,0.002001060651163632
120,13028,0.002717199632689089
121,1600,0.002313097023110001
122,2814,4.5142742091772475e-05
123,8020,0.001378243543714127
124,10107,0.0002910236429865934
125,13649,0.0009766556924411605
126,2805,0.0014476082523868707
127,7500,0.006181663954778515
128,128,0.0022059100584847892
129,13014,0.0010869651484569417
130,5767,0.0003814685982953589
131,3497,0.003442567195643674
132,14696,0.004095347064126224
133,5785,0.009101808314785713
134,7877,0.0053314164386443754
135,14949,0.0015474137379796165
136,7057,0.001399704700535334
137,1233,0.0003957308508158909
138,1100,0.00041082924160482516
139,5450,0.0012960886790978072
140,7923,0.004960334831559622
141,13485,0.0009581595834281628
142,4073,0.004537079809282837
143,6406,0.002250669122554011
144,4686,0.0028258103314311943
145,8788,0.004310508908459063
146,13121,0.00013140991585940446
147,7842,3.46983612523924e-06
148,1177,0.0011939196318599915
149,5624,0.003469645712470871
150,9619,0.0018308238089527937
151,14064,0.0020974274058446303
152,12512,0.003277340584512016
153,2805,0.0014476082523868707
154,445,0.003691308384495943
155,10907,0.006018129993438578
156,3985,0.0013436913220747457
157,12191,0.0006316606414567572
158,5096,0.0009003760001551352
159,10045,0.0015547021245990345
160,9438,0.004202088777670084
161,9018,0.0017772691264738014
162,4051,0.0024482886293439323
163,9032,0.001400740228498343
164,13044,0.0013348584862618346
165,9815,0.0005181953263778448
166,10039,0.0018336907259073735
167,3217,0.0015315463143584615
168,8879,0.0018321326466764912
169,49,0.002310994994276555
170,14740,3.789375586090476e-05
171,2542,0.002523121504165439
172,2535,0.001817019646896885
173,2535,0.0037627808726251304
174,3104,0.0005394368305528909
175,14757,0.0012196399871810702
176,1740,0.0008183635701481629
177,5076,0.0034851396543222365
178,10196,0.0014914764044093147
179,5089,0.00037332894161751446
180,11977,0.00047382610559011223
181,7521,0.001349989836515098
182,9934,4.2789962530909265e-05
183,9016,0.00013701872928547685
184,8435,0.0005937639923740463
185,11499,9.219082215861142e-05
186,7080,0.0007180760493370663
187,906,0.0011163550147416101
188,6546,0.0019526579881198628
189,11144,0.0040320579083573
190,5233,0.004348324214520574
191,7860,0.004269423267454915
192,13462,0.0023922248384233118
193,5227,0.0012392930924290007
194,1855,0.002587045395254058
195,4299,0.003798642503933829
196,7510,0.006479627535980598
197,2661,0.00028171290127544456
198,9937,0.0025463227663063623
199,2329,0.0010367943541591776
200,8434,0.0033965415021483232
201,4777,0.0029225617682339523
202,9767,0.0018087506800151588
203,2622,0.006276632295631873
204,5158,0.0013465059296911418
205,14386,0.002301078823816708
206,9518,0.00041739910333458486
207,9516,0.0008140355070000689
208,11910,0.0037214159208361374
209,5149,0.0032276188738351616
210,8400,0.00371318044659201
211,14693,0.0038273691146004157
212,8925,0.00020779287837397007
213,539,0.006129737577612422
214,7846,0.005617725232433892
215,8395,0.0014007660110780785
216,11468,0.0003688119322868178
217,2542,0.0013384982002078592
218,4311,0.002726299040585172
219,3809,0.00612777410296682
220,13847,0.002864109791692565
221,14260,0.0007456411722373947
222,5824,0.0006487483719253247
223,9525,5.256582802210247e-05
224,14666,0.0011244553487921762
225,3798,0.0009740427240977455
226,5781,0.0029042777020319354
227,6425,0.001339252007772787
228,1329,0.00042972552904328314
229,7976,0.0009344698731797062
230,7496,0.0004322272265197316
231,13850,0.00026302420786859565
232,15246,0.0011752655251040741
233,7123,0.001953098534767408
234,7369,0.0013198756968776759
235,5929,0.0006272425445303202
236,9478,0.0028105831888803443
237,11386,0.002837747444586288
238,12292,0.0008388360593129482
239,4673,0.0032510195874818396
240,8395,0.0014007660110780785
241,15313,0.0039565502277109635
242,7232,0.0007884047738735479
243,9779,0.005398320025935728
244,9791,0.002330204901717111
245,2360,0.008676142071737366
246,9771,8.652245835790557e-05
247,13145,0.0003587051808868889
248,13135,0.002000114845728329
249,11005,0.0015190313297148957
250,13846,0.00020996896276119885
251,8671,0.0002657962697270047
252,4273,0.0031435772060371603
253,15094,0.002201319149227364
254,15227,0.0005145742551771438
255,9061,0.0004617196002997249
256,7501,0.002814752584927804
257,7141,0.00037276583312571
258,2103,0.0019170679183442715
259,9503,0.001167934924077575
260,2487,0.006379001395357196
261,5829,6.179614854223787e-05
262,4352,0.0004098008376528722
263,4776,0.002264292599898579
264,1649,0.0015456919939290808
265,2941,0.0004797098970792131
266,13297,0.0006114791162078248
267,9081,2.0729533615546434e-05
268,12020,0.007552797659643056
269,8675,0.002630795181229201
270,11386,0.002837747444586288
271,11808,0.0012152851268446496
272,9519,0.005158419707821223
273,1544,0.00251596928095132
274,1665,0.0025423496227445727
275,594,0.005074743319690774
276,7733,0.0016358094746055317
277,3190,0.00025428402680942357
278,7262,0.0005543795102664323
279,1743,0.0003623714212084297
280,12553,0.00015885414206324563
281,15078,0.0001707620573042709
282,7126,0.004271004625877498
283,15246,0.0011752655251040741
284,2685,0.007520919676280553
285,2650,0.0005078109219835639
286,500,0.004291267795341044
287,2610,0.0037308109103560763
288,9050,0.0062207141494350585
289,2460,0.001198135676295807
290,11682,0.006310146337304735
291,6151,8.748696670392199e-05
292,14368,0.0029888696671009057
293,7141,0.00037276583312571
294,5277,0.006680710905071289
295,870,0.001903680859634577
296,902,0.004912727977605548
297,9061,0.0004617196002997249
298,1029,0.004331491376788717
299,1998,0.0033276602692691314
300,2316,4.224581653362559e-05
301,968,0.00034290045779390954
302,3196,0.00135752466141314
303,2497,4.097918964410196e-06
304,7976,0.0009344698731797062
305,14362,0.002499235650120536
306,11847,0.0026750000116551125
307,2635,0.0006885444244020712
308,1012,0.002547313187960444
309,13846,0.00023789706815311723
310,13145,0.0003587051808868889
311,9494,0.00020942999970663037
312,14884,0.0003002563454665287
313,9142,0.00044707183934694747
314,10832,0.001578582423869609
315,11361,0.00011660901895162233
316,2314,0.0017506897819032832
317,490,0.00015946287158285057
318,4341,0.005374880962060978
319,13903,0.00018323972308418503
320,1002,0.0007554004670781131
321,4210,0.0027075369612910385
322,11047,0.001872904099208617
323,9044,0.0020869155281601232
324,894,0.0023249530627583123
325,4395,6.528528334231662e-05
326,9923,0.0006024149580568653
327,9527,0.0010249999955536518
328,3190,0.00025428402680942357
329,5063,7.880413705727506e-05
330,2406,0.004547445925660733
331,1133,0.0022322831933441036
332,6270,0.003210640057826245
333,175,0.002478079109959469
334,6154,0.0015395748301081844
335,12212,0.0007096219139740412
336,11755,0.002104610339843944
337,13002,0.0004638906026402753
338,13669,0.0025859849778568666
339,8333,0.0009265859908218963
340,10955,0.005397491799920142
341,8392,0.0027508264506928577
342,9167,0.0013477496087017237
343,3645,0.0008361790973735341
344,14014,0.0007275021320209915
345,6916,0.0014330207128327645
346,735,0.0003511809019037478
347,4238,0.00036588659150380487
348,4731,0.00021725946480388616
349,13169,0.004684686402070498
350,7057,2.7511114580565198e-05
351,13330,7.451467921878713e-05
352,4142,0.0002797079917525545
353,3402,0.0011641948244913933
354,11228,0.003984096030293066
355,13209,0.0028562506338289002
356,7396,0.00026737047567765044
357,4129,0.0015734492113030662
358,13219,0.003066257019775044
359,499,0.004814981710422949
360,8235,0.0007483694381434921
361,5558,0.007674719818792275
362,2454,0.00019991249505766948
363,8578,0.00011390347986683897
364,10347,0.0036419340853516783
365,7074,0.0002519135874055815
366,14301,0.001661349873129117
367,53,0.0034030210483256304
368,4902,0.001557229265082891
369,5001,0.0032987408684734356
370,8935,0.0007836192711449128
371,10610,0.0019818849155728525
372,6298,0.0008627610928377355
373,8024,0.005044778031893391
374,3903,0.0013289854379410252
375,2941,0.00018073198309869707
376,4062,0.0010539440930439738
377,8898,0.00014052871049601232
378,14618,0.0006441197364877641
379,348,0.0012094265852826585
380,8585,8.248342481358495e-05
381,10172,0.0015395807717785198
382,7579,0.002115403741516598
383,3905,0.00026367281651660943
384,14188,0.0016044729403270903
385,5480,0.002315305079626298
386,10661,0.012356070175585142
387,1407,0.00020150533887324437
388,1213,8.421735781899821e-05
389,5002,0.0010589000815243515
390,2341,0.003920646435956085
391,4864,0.0012702574433914276
392,1344,1.7719677618833838e-05
393,9196,0.0003359470836462861
394,11271,0.001962966691233399
395,8550,0.001033912883071573
396,11231,0.0005126144612795764
397,10243,0.0012323845804433774
398,11179,0.00020207489772578746
399,10263,0.0012958942095874812
400,2502,0.0006899931614623504
401,12435,0.006855541440763082
402,7440,0.0036101654772494464
403,12082,0.0002625198084906921
404,12089,0.001148063177106462
405,1116,0.0001710765577308379
406,4946,0.0005307937663966054
407,3578,0.0006592911587378475
408,11588,0.0004466826778911314
409,12196,0.00013061998319090513
410,8670,0.002419215281145285
411,13219,0.003066257019775044
412,2830,0.0007970025053387251
413,1879,0.0008377766794332831
414,7440,0.002441463315438475
415,14535,0.0013015950448991504
416,3903,0.0010366626772013914
417,13365,0.00011977659413072064
418,8317,0.00037594708594631626
419,738,0.0016916910638305536
420,13666,0.00010355832876050741
421,12370,0.0005642294284650816
422,8342,0.0006238167527999509
423,1172,0.0010908392081881808
424,14341,8.0418329233731e-05
425,11214,0.00010849995666064211
426,3074,0.0036954338313581405
427,10565,0.0035771679532421306
428,1491,0.0022212368727027175
429,2269,0.004018543662821071
430,12175,0.001887188062441894
431,2419,0.0024729258552338377
432,10335,0.0005600044834868969
433,435,0.002528061449157534
434,2691,0.0012783785464841521
435,9407,0.00041856682214651085
436,8057,0.0009708440571110586
437,3782,0.0010640502757532733
438,1063,0.0036994562510431067
439,2270,0.00016845322498620647
440,127,0.0017105257580391983
441,7408,0.0003685083719715754
442,2891,0.002218710604132928
443,7180,0.0027681823860567353
444,1054,0.000853481611808654
445,11567,0.0020769559637966698
446,12976,0.001436726237925449
447,10349,0.0014822608015081073
448,461,0.0001713121069336741
449,3905,0.0019625780352585617
450,273,0.00022857726557563618
451,2944,0.000459074030479868
452,3903,0.0010366626772013914
453,12228,0.0010325526672361528
454,365,0.0011838177808962116
455,10985,0.001830683859694878
456,4066,0.006086823567143915
457,3079,0.0006811653524831296
458,1219,0.00013969458778721617
459,1500,3.568747191816192e-05
460,8870,0.009943350567031184
461,2543,0.0026816495414340607
462,2687,0.00012981365482505602
463,3496,0.0009121306359717919
464,10388,0.0005360102890567136
465,4400,0.000744123526524539
466,12368,0.00594724541603926
467,1449,0.0017702165027246592
468,9372,0.00029251747530115743
469,4616,0.0014216634143315943
470,4930,0.003591577258486478
471,1263,0.00012570392195261528
472,3850,0.00328669896868959
473,3016,0.0016764468827573363
474,6394,0.0007607744682194766
475,3810,0.0013460158108544301
476,10381,0.0030378923978259245
477,3782,0.0012003004457608846
478,11157,0.006260997065000896
479,8402,0.0001427805469341078
480,13333,0.0015281236114510213
481,1808,0.00047700246301037876
482,9062,0.004175104426676221
483,8238,0.0007003270604584072
484,3324,0.003131614857625124
485,915,0.005832106395286721
486,7732,0.0006266926175131135
487,13518,0.00012339251498960242
488,4144,0.00529581938847394
489,8766,0.0017687765481235605
490,8234,0.0026786378240744443
491,11493,1.2272032695055465e-05
492,9660,0.0022266961780088457
493,4582,0.0004118011868864125
494,9438,0.00028721156860883265
495,8320,0.002415535792937357
496,8687,0.0040023370272967256
497,8560,0.0005307885748562347
498,10868,0.002052329263036912
499,4653,0.0012633332707532292
500,7781,0.000782969664142869
501,10089,0.0016439322604275197
502,14495,1.0166191363121127e-05
503,8161,0.0002634573729000808
504,340,0.0003070415089669379
505,1530,0.0020338162818813745
506,1797,0.0002604896292245725
507,4666,0.0007417487667946663
508,11277,0.0007476905827563855
509,11189,0.004195357175290698
510,11299,0.00046052001203393495
511,3883,0.0008209489221141761
512,10088,0.0004073649745582949
513,10840,0.003618730499340065
514,12050,0.00031495617213046626
515,3330,0.0002495714877720424
516,12053,0.0008313444855876286
517,4915,4.350407785876944e-05
518,2856,0.00015447500191162648
519,3771,0.00022742600246025653
520,12500,0.0016279415254769887
521,9845,0.00031415615253121103
522,8131,0.004460574631916074
523,8630,0.0008999999976221849
524,4028,0.0011714962089248765
525,4259,0.0010863608104045813
526,1370,0.00023197512456209806
527,2320,0.003332543589105456
528,10010,0.001749130133940478
529,10710,4.7099420908523094e-05
530,9293,0.00044538582789813386
531,13330,0.000533019263915596
532,13331,0.0005994704755746188
533,8197,0.00074134008431463
534,8669,0.004215824982193291
535,1537,0.0009867661917901604
536,4468,0.0001132831972483678
537,4917,0.0023988003558637876
538,8145,0.004094074326319453
539,4365,0.003527700525131684
540,4225,0.003388417713840112
541,13482,0.0025995765428652234
542,3066,0.011612759545218442
543,7333,0.0007131905536677805
544,10566,0.0018397890112843644
545,1616,0.01003649350913899
546,14746,0.001752488040738795
547,1266,0.0020078797841544403
548,4275,0.010496008914063349
549,13581,0.0014556549202566738
550,10021,0.0007036544703341755
551,693,0.0013232823783136136
552,12876,0.0003864931477272639
553,4558,0.0029710585251881416
554,2431,0.011587667680889353
555,6393,0.0007332720176342392
556,11370,0.004197858049997523
557,11602,0.00012360757729005983
558,1141,0.0006839925682008598
559,3837,0.004552775187735241
560,13120,0.0013513043754130385
561,12505,0.00305419665754534
562,11404,0.006846945104293619
563,1616,0.01003649350913899
564,15259,0.010203060954530812
565,3062,0.002058372003677834
566,1262,0.00539192504369559
567,12702,0.0024001703725671036
568,3389,0.0006687503865909356
569,12965,0.0008157180392707523
570,1003,0.001633081706677659
571,12456,0.0040865419171838245
572,3727,0.0026923015972318085
573,452,0.0003009943434195053
574,8436,0.0014613333135294693
575,7951,0.000417729483130779
576,14307,0.0030881989787530074
577,4004,8.921070508710286e-05
578,13083,0.0014894542306924346
579,13091,0.004189555415750921
580,4121,0.000123355219539534
581,7604,0.002260298662378003
582,95,0.001124893761471809
583,13124,0.0005937600519027178
584,782,0.0010207564285124075
585,676,0.002130523633591653
586,1600,0.0018935920764237015
587,7126,0.0008562687359516492
588,479,0.002351326302554301
589,12519,0.0002922256253680155
590,4006,0.0005782105072188518
591,14106,0.0002091608673170927
592,2635,0.005953268949232951
593,13498,0.0001065434479109145
594,11613,0.002278021725083236
595,3127,0.008636484425188239
596,8657,0.0008922533016913664
597,671,0.006437921537931697
598,4264,0.0019244540611739068
599,10453,0.0023717324887886
600,4156,0.019366804515067556
601,6362,0.001126759399848605
602,7828,0.0022769701920684064
603,6407,0.0024187724524879733
604,713,0.00033480395385895634
605,6390,0.00515613679651889
606,454,0.001174504238652637
607,707,0.00028156896087368015
608,10070,0.0006871305120194894
609,14103,0.0006606883965480334
610,5084,0.001851554342015843
611,9450,0.008968439667485796
612,1157,0.0015019707147962626
613,7771,0.00157516615274363
614,3727,0.0026923015972318085
615,1616,0.01003649350913899
616,14061,0.0015490388725379102
617,9675,0.00021262429376660231
618,4322,0.002870277754717484
619,7300,0.002296806425564355
620,7604,0.0007115596078860783
621,665,0.00020323687631830558
622,3155,0.006706319628037221
623,13363,0.0021283591394321293
624,3009,0.007600000000366322
625,9907,0.0029506602037158197
626,11515,0.003684205662499526
627,1850,0.0017449786483207316
628,12937,0.0008605576263831546
629,9074,0.001985641047719089
630,15102,0.0016383340266539494
631,2152,0.004310931460493815
632,9190,0.0028787296372793755
633,11058,0.000754757157601413
634,8118,0.01051281871056301
635,9852,0.002661220784840196
636,5712,0.0006047752427323598
637,8365,0.0013923392592727667
638,14775,0.012901858077095001
639,8197,0.00074134008431463
640,596,0.0027140703845283183
641,8750,0.0004473941094490209
642,6926,0.006761819418608964
643,10440,0.011399061753468841
644,4165,0.005719345032127446
645,3022,0.0015272969653629177
646,8570,0.0010338975875309278
647,8024,0.005044778031893391
648,11374,0.00023307160322786702
649,3701,0.0010779975828505335
650,14307,0.000473194501336222
651,4862,0.0008935601787846275
652,4195,0.006070623016347616
653,4046,0.0006573726404059606
654,2645,0.00716487165677319
655,15003,0.0044820500971661115
656,9490,0.0007599378895903347
657,8572,0.006248680999616305
658,243,4.981500893926508e-05
659,5421,0.01284715116868166
660,215,0.0018680701159519584
661,3770,0.008096342674546973
662,12955,0.00010609928585226642
663,10774,0.0011393541104125317
664,13066,0.0003027439895238242
665,4571,0.0014417840942701702
666,278,0.008260425188087336
667,8801,0.0049953097180520985
668,8570,0.0010338975875309278
669,8142,0.001958867136605389
670,3497,0.0018190860543662788
671,7012,0.0002792616037949584
672,15275,0.00044880741190652285
673,3727,0.0026923015972318085
674,11584,0.0009122377483358506
675,12312,0.007656731225488065
676,12955,0.0020224803856218566
677,6920,3.884060721138929e-06
678,7829,0.004102513379568874
679,8789,0.0024374394828992636
680,12173,0.0006801562765699472
681,694,0.00035077911856154265
682,2587,0.005373016178738028
683,15118,0.006009683385847564
684,888,0.001737704034481424
685,11515,0.003684205662499526
686,9751,0.0028602765312480518
687,11405,0.0010563905509967486
688,12918,0.0009544003599344526
689,1132,0.007533117392156913
690,14514,0.0009899473253476817
691,4776,0.002493460266085017
692,1372,0.0003644919455652455
693,7984,0.003424046643831208
694,3447,2.716588531226746e-05
695,633,0.0021628581913990873
696,766,0.013269992965483635
697,10612,0.003477101062392891
698,9751,0.0028602765312480518
699,10617,0.000683126151243484
700,184,0.00036549882674311707
701,8634,0.006962795102005472
702,7246,0.00042702934707154045
703,14591,0.0007534474975704079
704,15202,0.0008226464330843295
705,4873,0.00226428546589492
706,6406,0.0011327452986335093
707,6401,0.0032836142199987413
708,13109,0.0041996802275839915
709,4156,0.0016944961595936976
710,810,0.003082216253738305
711,6296,0.00018383721593794603
712,3526,0.006738569238380406
713,1134,0.0006872142050107083
714,1897,0.0005325071739840541
715,12329,0.0012623998447027066
716,13506,0.004124438626757373
717,6470,0.0026823212018319276
718,1409,0.005143759050413637
719,8419,0.005837103911558502
720,716,0.0024384822753730456
721,6483,0.0030667820622584216
722,7329,0.00018938614952471435
723,950,0.0014619065210315645
724,5297,0.0029705829514656374
725,14930,0.0008249229631406001
726,13104,0.003498853919773743
727,14215,0.007588654830273
728,8353,0.00018673963704121573
729,13208,0.0015275483613006442
730,14889,0.014976543040431167
731,918,0.004809087689427374
732,12154,0.00032279201412312755
733,11493,0.00931986186102727
734,8633,0.00019023956652712809
735,6541,3.14519790596327e-05
736,7777,0.002055215925939918
737,8076,0.0023990446549254593
738,9008,0.0022596611306043403
739,845,0.0003979673423372068
740,4949,0.001244972849605323
741,8131,0.0019983582653087745
742,9792,0.0019291297676857098
743,3627,0.004312207375773839
744,6131,0.0007582507289922967
745,1516,0.002038004575507597
746,174,0.0014500935996378931
747,2194,0.0026206461189966237
748,4,0.0007827107379666385
749,9047,7.104358942939156e-05
750,3265,0.003137676792742453
751,2627,0.000640001204240008
752,14810,0.0014016710928966755
753,1378,0.0014525803212545696
754,7001,0.003825176818327851
755,9574,0.002208759956775417
756,4393,5.9541407727949444e-05
757,13303,0.00010772569646747266
758,10723,0.002883842467618328
759,9067,0.00015524942617329592
760,3051,0.00020273106551330802
761,10398,0.0046552633578389735
762,7835,0.0012562158958599823
763,3037,0.0020741963892487213
764,5373,0.002393563108921566
765,2565,0.0004346796502432463
766,10512,8.3146805506378e-05
767,13208,0.0015275483613006442
768,9825,0.004574677915852158
769,4740,0.009300000004850081
770,14266,0.009034069459577646
771,479,0.0006229453856717766
772,5196,0.006145056777870752
773,11068,0.0019141822614877927
774,9017,0.004288725392040716
775,6997,0.009360817347260474
776,12868,0.004632697389543875
777,9469,0.00037916385899925965
778,14192,0.0003171223365568201
779,14215,5.552176392356307e-05
780,6997,3.087220523801752e-05
781,13397,0.002024385977362405
782,3953,0.0003799729207970568
783,2783,0.0010721324760852092
784,10898,0.0006712486795710576
785,6370,0.0002641823425021044
786,7463,0.0021617928348224504
787,8131,0.0019983582653087745
788,3319,0.0016279816624203951
789,11361,0.0012143445043072782
790,4151,3.3537418725052916e-05
791,4115,6.23568734614884e-05
792,5616,0.00613849669294985
793,14634,0.0037486226088152574
794,4335,9.34088489321364e-05
795,13376,0.0005833816596386544
796,8492,0.004167772648933903
797,2182,0.012348580270673376
798,6,0.002584465852616093
799,7921,0.0015483433610949222
800,13331,0.0005994704755746188
801,3526,0.0015085198866208582
802,8464,0.00014719808531989966
803,9247,0.0009834008933918674
804,9112,0.013642316112366106
805,7391,0.0008470746450127536
806,11332,0.0007317204302839598
807,2712,0.0025668668545288575
808,3592,0.00021671420080891159
809,2181,0.001019492282430573
810,248,0.0009128331372146305
811,7909,0.002598969597592668
812,3205,0.0012117485925847958
813,9008,0.004263960845690593
814,13694,3.4321339187424443e-05
815,2566,2.7972971090829693e-05
816,3149,0.001123301756248578
817,8513,7.937216563086708e-05
818,13367,0.00013887204497513533
819,3211,0.001030553388216329
820,10102,0.002443313572178479
821,11296,0.011277263518317586
822,15098,0.01601354924207159
823,8494,0.0013410024960258836
824,12050,0.0023818038728996723
825,11699,0.004296634133160289
826,7619,0.0035815400550957797
827,12158,0.0012759984413654247
828,8114,0.0033526345407651407
829,13036,0.005700556254848451
830,9242,0.00032682356882933147
831,9242,3.360992614683722e-05
832,5340,0.0001879008845253948
833,4631,0.0024806192889309125
834,14047,0.00092469768189407
835,1053,0.0009818741943529155
836,7079,0.0005108951421197513
837,6961,0.0008481435894038057
838,7392,0.004339868832026688
839,14547,0.006025560372317297
840,3887,0.00015171508779435186
841,8115,0.0012492621273541018
842,3562,0.0001851825140470151
843,7970,0.0023362061601584962
844,10722,0.0009780596983566803
845,12064,0.0004988785917625935
846,11432,4.8103255208975375e-05
847,13173,0.0009948047348943198
848,259,0.0007593870393093749
849,5917,0.00044902589713084865
850,3100,0.004221840824998647
851,7413,0.002640109187271595
852,7869,0.006609064919599658
853,4948,0.0030326586466234914
854,739,0.00047615158687479926
855,8137,0.000941436499613016
856,8886,5.500498277786045e-05
857,8661,0.0035106233982572523
858,11310,0.012613759766095528
859,15036,0.003730524379106634
860,5478,5.6869773764370685e-05
861,13731,0.0015345456576696937
862,11305,0.006758454754869335
863,14215,5.552176392356307e-05
864,8933,0.0031440156091831375
865,15024,0.0005777168695400241
866,8136,0.005863480080440482
867,7936,0.0006099311389097328
868,12670,0.0005190667394602011
869,709,0.00036035680014343425
870,9111,0.003020486827120887
871,226,0.00037326581293177215
872,2399,0.0007905539745378274
873,2550,0.0004772434427567239
874,13702,0.0035745571783530423
875,927,0.000988001002326962
876,6386,0.00030748934665410693
877,11788,0.0002582481876868458
878,965,2.2500373717596692e-05
879,7080,0.0009578026512389856
880,11407,0.0010565573737352772
881,1179,0.0007802202061442889
882,13754,0.009759599756669375
883,8221,0.0004271097450844433
884,12039,0.00046501515592323737
885,3790,0.0021442778844024185
886,4740,0.009300000004850081
887,7850,0.0012235776949558717
888,252,0.0021718527136525014
889,3141,0.001116461645947103
890,10185,0.0010706637489711357
891,4464,0.0016015975222518806
892,11329,0.003805300948660704
893,14260,0.0010396846025350424
894,1989,0.00015563481440126193
895,1220,0.0013176488215477648
896,1327,9.641319856341156e-06
897,7975,9.66693628583131e-05
898,9446,0.0008496915663312201
899,3153,0.004184560665984019
900,3935,0.00013040438734658358
901,8076,0.0023990446549254593
902,8185,0.0012593087072748383
903,7577,0.0003042817363310855
904,14930,0.004367281551046657
905,13126,0.001049492484528229
906,6347,0.0012225494056912476
907,2181,0.001019492282430573
908,740,0.000493440027317548
909,9887,0.0005856002905900496
910,14042,0.010257173166236888
911,12156,0.004682527569240953
912,11737,0.0031864093206033636
913,1333,0.0009942892617715979
914,11492,0.0028817842525249845
915,8373,2.2699204606603135e-05
916,6431,0.00028239545689878834
917,10724,0.0007586094285372269
918,12068,7.302182676292162e-05
919,9546,6.79708777331603e-05
920,911,0.0013566595198761045
921,7917,0.0017232597977379983
922,9848,0.0021689742808673816
923,7090,0.0016003433791967048
924,4396,0.00672852497054028
925,1627,0.0030871861660930577
926,1494,0.00320847637498718
927,13294,0.010333357428156354
928,1395,0.0019001749616634734
929,9041,0.002466454647642911
930,3740,0.000748974525650162
931,10336,0.0030872170724591873
932,4541,0.0016961787076177901
933,13213,0.0031021290728320025
934,12261,0.0004489898039017645
935,4477,0.0021756114586549686
936,3198,0.0006558790491937323
937,1184,0.00029043112652824823
938,1876,0.005923425234857754
939,10736,0.002798465905892364
940,15250,0.0015429740416524676
941,2624,0.0055497210324624135
942,5282,0.0003597658969108813
943,13823,0.020644462203500445
944,8139,0.001928234729559901
945,5263,0.020948488156023612
946,7331,0.007181956607418813
947,6003,0.0024587635527212616
948,3198,0.0011183117706655527
949,333,0.0008684152144781458
950,8043,0.002110928058984871
951,13134,0.0006652473746028625
952,7448,9.397479237610411e-05
953,3962,0.0017505621468618584
954,2399,0.00462217282373374
955,9516,0.00776003378461571
956,671,0.0006050022783251918
957,2662,0.0024250000106493283
958,713,0.0018189785720737915
959,7600,0.0015553306857650337
960,14736,0.00033092392341437443
961,15256,0.0026215753025009216
962,13112,0.0029845234315477136
963,715,0.0021220944348436755
964,8043,0.002110928058984871
965,10840,0.0020912693577546672
966,3467,0.006460064752159056
967,5597,0.0035759360201499794
968,9044,0.0013641152539222707
969,5226,0.0024783314062686644
970,14736,0.00033092392341437443
971,7817,0.0023332045256712684
972,8331,0.0005808810397153017
973,1516,3.547676859792439e-05
974,15026,0.004428597051746613
975,5523,0.002295547194592589
976,7415,0.001423448223667376
977,2240,0.0005921467534117614
978,5625,0.0005661360610884632
979,8613,0.005639953217697344
980,6743,0.0027725330666330834
981,11145,0.0003030063706299174
982,6743,0.0002616002511089297
983,14791,0.000982642268415381
984,8002,4.734654422296863e-05
985,477,0.0018313765074231463
986,6172,0.0003138408188010156
987,1813,0.0042717845718798384
988,7393,0.0038289535847419805
989,13912,0.0007504587183357296
990,3878,0.0001833895191524954
991,11144,0.003531962779173413
992,10837,0.0027022278850243435
993,3894,0.00429608921363051
994,9282,0.0033443490130557387
995,8485,0.0034825342900263348
996,4514,0.0007705885126233536
997,15072,0.0014635910592992268
998,11837,0.00020537759180199122
999,13819,0.002229926455277618
1000,11870,0.0031896416410195807
1001,7420,0.006700912359135725
1002,715,0.0007849052931849493
1003,4479,0.0018452499219766823
1004,4925,5.9674393140254094e-05
1005,2701,0.002536073480873831
1006,10000,0.004581862254330568
1007,5672,0.0003646489895208322
1008,9476,6.606155344369001e-05
1009,2200,0.003492521815660562
1010,8883,0.008701063214441739
1011,14602,0.004302868861642365
1012,9105,0.0016665942116126863
1013,7991,0.0001743988223496783
1014,13824,0.00037311492415010005
1015,12108,0.003606975229421109
1016,4778,0.002509333094541856
1017,14759,0.00347660644640495
1018,1211,0.00014446871624456068
1019,10775,0.0035573819812919597
1020,14904,0.005335076393416395
1021,5244,0.0015241339310488409
1022,5601,0.002459814822452024
1023,8367,0.0002409946454377411
1024,2436,0.0001332128210213621
1025,14195,0.004223774285297896
1026,9790,0.0004548075729637902
1027,14870,0.00014274246161577833
1028,14351,0.0035174566969807457
1029,1006,0.0033457336852165875
1030,12450,0.0023080343552659604
1031,3535,0.0009163839858860916
1032,5577,0.0005954424972949912
1033,14737,0.0019551479652367087
1034,6260,0.0031213892176999367
1035,5439,0.0003075207433269646
1036,9765,0.002153507324094461
1037,5563,0.00042096006743643985
1038,4257,0.0011053859900775466
1039,166,0.007003275557486789
1040,14448,0.0021191479681131596
1041,3760,0.0010137637402281928
1042,10778,0.0006632141803315708
1043,3060,0.0003723548441848181
1044,3755,0.003676416712774659
1045,6401,0.0022122582415590093
1046,2870,0.0078013683185785285
1047,8338,0.005478362860190861
1048,7204,0.001462545496097422
1049,4764,0.0013121985224310603
1050,8299,0.0026679709366532124
1051,596,0.009782714719973818
1052,13147,0.0024869181862685087
1053,5060,0.0018244471656920396
1054,6553,0.000716981937134654
1055,11184,0.00021498881723595067
1056,3769,0.008860062460630608
1057,5193,0.00011333742443483098
1058,571,0.001522420873224811
1059,12973,0.0007471920538857018
1060,13154,0.007124991039849711
1061,8226,0.0017206286091461214
1062,9206,0.0023846540653781677
1063,842,0.009254058842481181
1064,6933,0.0013521110153881296
1065,378,0.0009405348476876274
1066,11803,0.0014035964453273009
1067,6708,0.002055896428117796
1068,3374,0.001608321591239219
1069,6681,0.007097586281482417
1070,13039,0.012194786799083819
1071,4255,1.8259393661552672e-05
1072,12837,0.001899784807623602
1073,11130,0.014332661129041194
1074,6699,0.000641566214292486
1075,4673,0.0007587499192649001
1076,6766,0.0009421097067406355
1077,1329,0.003168648693722371
1078,15179,0.004036417593053012
1079,12271,0.0005356366755387006
1080,3337,0.0016995251686843704
1081,8299,0.0006618275252983013
1082,451,0.0011810456505024756
1083,6540,8.355826485337426e-05
1084,3636,0.004650825875289449
1085,10413,0.0005951799061795209
1086,11303,0.002472135217615447
1087,836,0.0014770420769873868
1088,13147,0.00044356509967244905
1089,9015,0.0022365627139065577
1090,8586,0.00470120566387445
1091,8861,0.006743889421955338
1092,12346,0.0010492715007199048
1093,6509,0.0039263795623977115
1094,6696,0.001297183125559203
1095,3636,0.004650825875289449
1096,12388,0.000858596899664173
1097,12493,0.003960681364794055
1098,11302,0.0014359688583914542
1099,8561,0.0016480169446470997
1100,14516,0.003965314131972705
1101,14079,0.00032672321620657365
1102,8503,0.0040548549884108515
1103,6920,0.002778485270276677
1104,8886,0.023381179578551754
1105,7387,0.00038229339324669255
1106,13579,0.00612809783917502
1107,1349,0.0006400170346219627
1108,6643,0.00023738600552343042
1109,4310,0.005750427655288073
1110,39,0.002138934511191572
1111,4872,0.0006549283223602733
1112,12973,0.0007471920538857018
1113,10517,0.00019839902578311423
1114,178,0.0012473928359788802
1115,5694,0.0017028678517405037
1116,9892,0.0034520554690678123
1117,6515,0.0004748859053531485
1118,4587,0.007837977715605038
1119,13542,1.205214098609663e-05
1120,503,0.0003769943318184801
1121,1356,0.0028135861525974705
1122,3395,0.0040141214759753015
1123,13713,0.0010846450356180898
1124,9283,0.005352143371179552
1125,10749,0.00022766794078360125
1126,7770,0.0004351180234538713
1127,15251,0.0011444761775981848
1128,13842,0.007901864730992346
1129,7420,0.008293784237239577
1130,14886,0.0029472175983238915
1131,248,0.007304673852053392
1132,1817,0.0015908644598999241
1133,5985,0.004873474218146005
1134,2636,0.0017104714649454394
1135,4014,0.0020294646343301426
1136,1527,0.0005970647706453806
1137,9040,0.0015358585174009196
1138,3627,0.0038987239968081766
1139,8227,0.005808899178318688
1140,15077,0.0006750065463531422
1141,5331,0.0015050456996881277
1142,9188,0.0013207927179823518
1143,14346,0.003820476540207743
1144,13711,0.000819017704383113
1145,3506,0.0037916562614493704
1146,11690,0.00028242386011659526
1147,14124,0.0007089382940725571
1148,7038,0.0002054584226604025
1149,7776,0.0012434749883021938
1150,5349,0.001867818600418531
1151,1981,0.0033606476945401034
1152,3551,0.0003210870632908041
1153,9192,0.001624066906759961
1154,3583,0.017530042825383427
1155,8459,0.000806835937994275
1156,13850,0.004223291529055944
1157,12997,0.0014144761639284739
1158,3722,0.006310799385455302
1159,11452,0.004341623669792042
1160,14349,0.0038297516904793037
1161,95,0.004144694812403507
1162,15153,0.006911390490775757
1163,11507,0.0009766436423831707
1164,13022,0.006120601442982182
1165,3309,0.005131212990072462
1166,7554,0.014340345936176035
1167,9654,0.001354175714491707
1168,14886,0.0029472175983238915
1169,8156,0.00034079949840643345
1170,8734,0.002365695814119805
1171,7051,0.009434795486269808
1172,4291,0.001857128769732953
1173,9103,0.001053762284819825
1174,8105,0.002242335357149057
1175,13164,0.003952291182250952
1176,13301,0.0001543336982691067
1177,12429,0.0009244267581288029
1178,2678,0.0005868468965427856
1179,6879,0.003284075768295805
1180,5602,0.005453984268437775
1181,9285,1.9531106207544058e-05
1182,13643,0.009290673581794725
1183,1824,0.00047346406205429756
1184,5361,0.003431870824955668
1185,11254,0.0020714513809980324
1186,13780,0.0009357363113903077
1187,5448,0.00028915122748658125
1188,2138,0.0007538885114625549
1189,10399,0.006783625355140146
1190,2049,0.0007409246710525996
1191,8123,0.00030524661595387055
1192,2586,0.00016699057565539184
1193,2020,0.0009751101481733279
1194,3752,0.0010087223642920352
1195,6008,0.0037538908123759458
1196,2485,0.007744052650327226
1197,14729,0.0016732356986033743
1198,5137,0.0011173949071712794
1199,11519,0.00014076100181669216
1200,5561,0.004934791382325584
1201,5581,0.004968297816807356
1202,8227,0.005808899178318688
1203,5923,0.002407502080260608
1204,2872,0.0012147888279221777
1205,3560,0.0006207009963748126
1206,10988,0.002320914738184511
1207,13772,0.0015575230552248211
1208,9617,0.0023465920875537323
1209,2183,0.001156853614963596
1210,13654,0.00017020257142632495
1211,14043,0.00013884651951757854
1212,2084,0.0014589552705493788
1213,13987,0.0008004431971250166
1214,10175,0.00552970633901031
1215,1923,0.00930473261370926
1216,14289,0.005675151830515278
1217,8772,0.0013709666815624993
1218,4977,6.21546886180805e-05
1219,12188,0.014432061415394182
1220,12906,0.0014532723001117163
1221,1705,0.00041732244577106587
1222,7127,0.0004517226623560832
1223,14828,0.004511453195873002
1224,7022,0.00014468343150012214
1225,7051,0.009434795486269808
1226,320,0.0015486768089558653
1227,14920,0.004030090497267899
1228,11254,0.0020714513809980324
1229,3224,0.0014604858261664157
1230,2625,0.010272494311415655
1231,13531,0.00034882413535282386
1232,15076,0.0016918029613030537
1233,2055,0.00431146637432735
1234,1791,0.0038631053791022157
1235,9466,0.002415798779570851
1236,5605,0.002237083110329186
1237,11779,0.019486382959909187
1238,1307,0.01201181740773355
1239,11799,0.0009265797290948669
1240,8650,0.0011483139960213266
1241,14872,0.00040668628703927675
1242,12906,0.0014532723001117163
1243,2584,0.004752636200631935
1244,11083,0.008765146483772518
1245,1833,1.442447581468167e-05
1246,4831,0.0004255877109612542
1247,9166,0.007609603465597619
1248,3647,0.002607902386816632
1249,9609,0.002892474918381033
1250,14854,0.0030905460939392023
1251,5459,0.01102344593309747
1252,10807,0.004859477477926905
1253,14177,0.002608343099156372
1254,13298,0.0002985032362079107
1255,8170,0.012906023190480696
1256,6543,0.0006739528144300752
1257,8314,9.82834565412065e-05
1258,1923,0.0010848682539388317
1259,2160,0.001405379430059352
1260,5610,0.0023449918588288148
1261,5297,0.002278325667647821
1262,11504,0.011739021088860596
1263,3039,0.005803462997821695
1264,4647,8.844222135107854e-05
1265,3211,3.8623513547810315e-05
1266,9660,0.0077529160156129635
1267,11962,0.01337841230462882
1268,14353,0.0018151843834821192
1269,8886,0.0013809596547607846
1270,8862,0.0006878128097629217
1271,10501,0.0018437473526808008
1272,5058,0.0006057093151885312
1273,11658,0.00201053057558924
1274,1099,0.005076919098813505
1275,772,0.0010109856318177022
1276,1197,0.001061742260038303
1277,3647,0.0023365509754543364
1278,1991,0.0038640900588449443
1279,4021,0.0013717357972507483
1280,12959,0.0014053065161335023
1281,5056,0.0015678239472398509
1282,13651,0.002337417531911893
1283,317,0.0003679617030475743
1284,2542,0.0020614322197686666
1285,101,0.0002900987866948762
1286,2588,0.000807595594596975
1287,498,0.0026405936035890205
1288,7422,0.00394759110131603
1289,2237,0.009016508774408608
1290,10129,2.3018230188054248e-05
1291,12766,0.0002635543582242091
1292,12,0.0015001641167466176
1293,9860,0.0008010658926050184
1294,11232,0.003249047741199848
1295,12706,0.000590934180244377
1296,2333,0.005847922484848735
1297,12636,0.002313400964383049
1298,6128,0.0019196272956361283
1299,7575,0.003935015522364431
1300,4548,0.0021055784352565906
1301,14270,0.0012616291227649694
1302,1983,0.002586635909468692
1303,14435,0.004220048047239877
1304,14256,0.0074668346806012935
1305,14792,0.004985065355976277
1306,12876,0.0003864931477272639
1307,1389,0.0012750322155619985
1308,12638,0.0022685294807917597
1309,600,0.01609188662088432
1310,12238,0.008694703072631154
1311,1088,0.0017833857810674208
1312,12945,0.0014445886600795118
1313,1221,0.0018120172590677772
1314,813,0.0031713214392871227
1315,14431,0.0025240091540676946
1316,2271,0.005489084279538225
1317,9110,0.024909919955111593
1318,184,0.002184933071654741
1319,8026,0.0012163187586272711
1320,721,0.0021909109157113916
1321,10113,8.36144057490473e-05
1322,8646,0.004015321092922372
1323,6908,0.000922810158134567
1324,3141,0.0011916685101378138
1325,296,0.0019104645049558297
1326,14590,0.001913111577312851
1327,12678,0.0019561566201328324
1328,12232,0.004101892606262346
1329,9461,0.0013577124822972352
1330,6518,0.0014341456735064428
1331,11562,0.0077583149266346576
1332,10336,0.0029176457360734083
1333,2234,0.002003022187999815
1334,14390,0.0054806661554592595
1335,12641,0.0026439174888271987
1336,2378,0.0018967833639608684
1337,10603,0.0060962361452551435
1338,12935,0.0007714073365969281
1339,1353,0.0001628140184973899
1340,2622,0.00516479986173126
1341,7964,0.0007214853142929885
1342,816,0.0013542961136542265
1343,966,0.01679021729240622
1344,11362,0.0004067414989802173
1345,11563,0.0017745298582279051
1346,2692,0.0003597892208014141
1347,2236,0.00010735374108758335
1348,8492,0.0025121687263348967
1349,11281,0.0020969913804489253
1350,5060,0.0010416548838975447
1351,8197,0.00074134008431463
1352,4775,0.0033507495863612405
1353,7967,0.005037394669915195
1354,4276,0.0018777399487077378
1355,11694,0.00017123924407935902
1356,12555,0.01331455838931447
1357,12839,0.005377754657075721
1358,11272,0.010492627803690749
1359,6581,0.0019390396821836657
1360,6415,0.000714941368798737
1361,2167,0.0032172718222495977
1362,3136,0.007308582784931399
1363,1774,0.004799674903641294
1364,1775,0.0032426470041254864
1365,12241,0.0003032632071741708
1366,86,0.005022641746628008
1367,2822,0.0014083454424345604
1368,14452,0.002793719915528658
1369,1253,0.0007542057710611986
1370,11665,0.0007719724042869218
1371,968,0.0007945440645580287
1372,2243,0.0050283539168531335
1373,8930,0.004635513101527413
1374,2454,0.005553150018898084
1375,11272,0.0007554140206037775
1376,8643,0.006146476121894647
1377,4127,0.0008312107118091911
1378,879,0.0005646244986172763
1379,14487,0.001014000802405923
1380,10319,8.573277403421305e-05
1381,7525,0.00027777530184817364
1382,1287,0.0014409294791954109
1383,8871,2.6863308226827582e-05
1384,2349,0.000476108982979028
1385,12947,0.011152169242734433
1386,13651,0.002337417531911893
1387,12030,0.0002992430793057854
1388,11666,0.0012246210258262716
1389,8990,0.0014225215689038931
1390,12957,0.0005997975597636248
1391,1776,0.0023958785284869002
1392,491,0.0009090246106174676
1393,15099,0.0027751069943764166
1394,250,0.0024026148823798497
1395,3800,0.00010485584532552102
1396,4107,0.001579365925562476
1397,10609,0.0029148828520546097
1398,9101,0.001687460982118267
1399,236,0.0003703577040723869
1400,10836,0.0052007934085442535
1401,12370,5.400600771856694e-05
1402,3126,0.0003550090141569659
1403,2454,0.005553150018898084
1404,3391,0.002857878971617217
1405,1805,3.182747646599591e-05
1406,8971,0.0012748934173358087
1407,3448,0.0008185162294715615
1408,883,0.0004949329456957364
1409,3482,0.0008599229636279412
